"","rn","CENPF_cor_cna","CENPF_cor_pro"
"3","CENPF",1,1
"2","UBE2T",0.887701999853333,0.705551910982199
"1","CACYBP",0.862952105943277,0.532363942598744
