,rn,ERBB2_cor_pro,ERBB2_cor_rna
3,ERBB2,1,1
2,GRB7,0.921761831,0.927819037
1,CDK12,0.747032237,0.809587537